FLUX_1,FLUX_2,FLUX_3,FLUX_4,FLUX_5,FLUX_6,FLUX_7,FLUX_8,FLUX_9,FLUX_10,FLUX_11,FLUX_12,FLUX_13,FLUX_14,FLUX_15,FLUX_16,FLUX_17,FLUX_18,FLUX_19,FLUX_20
0.999821,1.000143,0.999687,1.000234,0.999912,1.000056,0.999845,1.000187,0.999756,1.000321,0.999634,1.000089,0.999923,1.000167,0.999798,1.000245,0.999567,1.000123,0.999889,1.000276
0.999945,1.000067,0.999823,1.000189,0.999734,1.000098,0.999876,1.000234,0.999645,1.000156,0.999912,1.000045,0.999787,1.000267,0.999856,1.000134,0.999723,1.000198,0.999934,1.000089
1.000056,0.999876,1.000234,0.999745,1.000189,0.999823,1.000098,0.999934,1.000167,0.999756,1.000245,0.999867,1.000134,0.999689,1.000276,0.999934,1.000056,0.999812,1.000187,0.999745
